,mean_fit_time,std_fit_time,mean_score_time,std_score_time,param_alpha,params,split0_test_score,split1_test_score,split2_test_score,split3_test_score,split4_test_score,mean_test_score,std_test_score,rank_test_score,split0_train_score,split1_train_score,split2_train_score,split3_train_score,split4_train_score,mean_train_score,std_train_score
0,0.008801603317260742,0.0014176006758399942,0.0003817558288574219,0.0001968268850393643,0.05,{'alpha': 0.05},-50.19411331529242,-47.23225373171068,-38.04194972468013,-42.89150795355207,-35.02685979254031,-42.677336903555116,5.609129673993318,4,-37.02630786056173,-37.98585960518457,-40.056141579902324,-39.07960743279159,-40.560674209893435,-38.941718137666726,1.3011098257927636
1,0.010061836242675782,0.0006524903596520152,0.0003029346466064453,7.166213668012445e-06,0.1,{'alpha': 0.1},-50.19404845161476,-47.232221689852146,-38.04193816363057,-42.89154965953754,-35.02683427885387,-42.677318448697775,5.609116274511535,3,-37.02630786079505,-37.985859606697694,-40.05614158163877,-39.079607434363105,-40.56067421163779,-38.94171813902648,1.3011098262666094
2,0.010044479370117187,0.0006302035747752683,0.00038466453552246096,0.00019419760985532486,0.5,{'alpha': 0.5},-50.19352961757326,-47.231965420603196,-38.04184571684712,-42.89188334498163,-35.02663025386475,-42.67717087077399,5.609009086495141,2,-37.026307901750194,-37.985859656205285,-40.05614162759707,-39.079607473700555,-40.56067426639008,-38.941718185128636,1.3011098292662981
3,0.01008291244506836,0.0006421669133979197,0.00028018951416015626,4.453771373304602e-06,1.0,{'alpha': 1},-50.19288126286403,-47.2316452491181,-38.04173026198248,-42.89230054397072,-35.026375433679576,-42.67698655032298,5.608875121182159,1,-37.026308050642896,-37.9858598115697,-40.05614176519448,-39.07960758977267,-40.560674436800014,-38.94171833079595,1.301109831039563
