,mean_fit_time,std_fit_time,mean_score_time,std_score_time,param_alpha,params,split0_test_score,split1_test_score,split2_test_score,split3_test_score,split4_test_score,mean_test_score,std_test_score,rank_test_score,split0_train_score,split1_train_score,split2_train_score,split3_train_score,split4_train_score,mean_train_score,std_train_score
0,0.0007327556610107422,0.0001436342910258455,0.00016942024230957032,2.1701382421370047e-05,0.05,{'alpha': 0.05},-42.93287483749534,-62.17167569362729,-64.96626370853852,-59.67800279359203,-28.03695021437874,-51.55715344952639,14.042782176466705,4,-34.80905553803937,-32.24370114321137,-36.98579086406819,-34.1679598054895,-38.64933734362067,-35.371168938885816,2.2315075871778602
1,0.0007027626037597656,0.00017562635610393908,0.00014939308166503907,4.234464316233315e-06,0.1,{'alpha': 0.1},-42.932098618966045,-62.15484610266518,-64.84476527581737,-59.61674576395163,-28.038387189005423,-51.51736859008113,14.009602199657978,3,-34.80906707585243,-32.24371445221025,-36.985850545656945,-34.16798312449647,-38.64934925640181,-35.37119289092358,2.231512897436457
2,0.0006951332092285156,0.00016519855258101385,0.00014510154724121094,7.776978697919889e-07,0.5,{'alpha': 0.5},-42.926027673217696,-62.01736040783719,-63.840717324433506,-59.133620691749684,-28.049997069767603,-51.19354463340114,13.741371134826203,2,-34.8092895789333,-32.24404154682191,-36.98686055536382,-34.16844806795753,-38.64956651960567,-35.37164125373645,2.2315698786336067
3,0.0006778717041015625,0.00015309832551802495,0.0001426219940185547,2.7116903701997624e-06,1.0,{'alpha': 1},-42.91786994574694,-61.85302595876159,-62.65658607016485,-58.56584573364076,-28.064788592887588,-50.81162326024035,13.431854022884195,1,-34.8099089126591,-32.244943028834484,-36.9893018470895,-34.16968241798419,-38.650137726497235,-35.37279478661291,2.2316741840807333
