,feature_name,coef
0,0,1.2569591245942002
1,1,2.2193519327838738
2,2,-2.22123458114774
3,3,1.1298526095339898
4,4,-0.4435606110398135
5,5,1.003827309220227
6,6,-0.6249605569522731
7,7,-0.26515015619715476
8,8,0.8706648629337154
9,9,-0.13388790783614352
