,mean_fit_time,std_fit_time,mean_score_time,std_score_time,param_alpha,params,split0_test_score,split1_test_score,split2_test_score,split3_test_score,split4_test_score,mean_test_score,std_test_score,rank_test_score,split0_train_score,split1_train_score,split2_train_score,split3_train_score,split4_train_score,mean_train_score,std_train_score
0,0.0008215427398681641,7.730814246468425e-05,0.0003025531768798828,3.512416298771307e-05,0.05,{'alpha': 0.05},-44.54133794819244,-27.086597617906072,-25.25624099015142,-40.82150565142784,-44.497794375135165,-36.44069531656259,8.512577962176687,4,-31.282063817898077,-35.342318740315264,-35.72509926861601,-32.22301748823869,-31.327098818735212,-33.17991962676065,1.9547057403205284
1,0.0007511615753173828,1.8179068796550613e-05,0.0002689361572265625,5.882709698978857e-06,0.1,{'alpha': 0.1},-44.54080843389245,-27.0853593128215,-25.256424556518997,-40.8086519914767,-44.49994654120192,-36.43823816718231,8.511787148634083,3,-31.282066615609974,-35.342322435517126,-35.72510264171103,-32.223027081428164,-31.32710211415744,-33.17992417768475,1.954705329048958
2,0.0007650852203369141,2.866659969000386e-05,0.0002711296081542969,5.555511021019067e-06,0.5,{'alpha': 0.5},-44.53663543113904,-27.075536027507162,-25.25799994577979,-40.70721887351167,-44.5172230898762,-36.41892267356277,8.505695556497516,2,-31.282164907402414,-35.34244164287065,-35.725207283224975,-32.223317911260175,-31.32721010417248,-33.180068369786134,1.9546909221522188
3,0.0007459640502929688,1.8757588339865948e-05,0.0002661705017089844,1.0077634934520798e-05,1.0,{'alpha': 1},-44.531573033079354,-27.063462755260268,-25.260227774838572,-40.583823023592544,-44.538962886751726,-36.39560989470449,8.498646110325291,1,-31.282474262275592,-35.34281104812149,-35.725528571990765,-32.224198949557135,-31.327544871674544,-33.18051154072391,1.954646546470317
