,feature_name,coef
0,bilirubine,1.0507054112141012
1,platelets,-2.2138941438011064
2,INR,0.896628280532052
